Num_Acc,an,mois,jour,hrmn,lum,agg,int,atm,col,com,adr,gps,lat,long,dep
201700033198,17,6,9,1510,1,2,1,1.0,3.0,445,113 AVENUE DE BUROS,M,4332067.0,-34602.0,640
201700016171,17,5,24,2020,2,2,2,1.0,3.0,399,CD518,M,4549324.0,514247.0,380
201700046804,17,9,12,2100,5,1,1,1.0,7.0,42,A4,M,4882313.0,246322.0,940
201700005027,17,4,8,1200,1,2,1,1.0,3.0,525,08 rue des vignes,M,4853510.0,205116.0,910
201700035111,17,7,22,700,1,2,1,1.0,2.0,407,13 rue du maréchal Lyaut,M,4847516.0,606667.0,540
201700060583,17,5,26,926,1,2,1,1.0,6.0,611,kaweni-Kaweni nord ( Z I,Y,1276680.0,4522476.0,976
201700051401,17,7,21,1928,1,1,9,1.0,6.0,3,AUTOROUTE A 10,M,4492619.0,-47182.0,330
201700049306,17,6,20,1450,1,1,1,1.0,7.0,617,RN 104 INT / A5A PROVINC,M,4863386.0,253538.0,910
201700015717,17,8,25,1800,1,1,1,7.0,7.0,292,D 945 - PK 63+750,M,4643977.0,309639.0,30
201700030142,17,11,24,945,1,2,1,1.0,2.0,454,AVENUE DE PARIS,M,4924849.0,401173.0,510
201700005712,17,2,15,1205,1,2,1,1.0,6.0,29,MIDI (BOULEVARD DU),M,4354784.0,698228.0,60
201700038703,17,3,24,1000,1,2,4,1.0,6.0,223,"162, SAINT JEAN (RUE)",M,4843628.0,215263.0,910
201700015481,17,3,3,830,1,1,1,1.0,7.0,364,Cd 80,M,4640162.0,504370.0,10
201700014318,17,6,20,1700,1,1,2,1.0,6.0,123,hotel calin,M,4914965.0,-122755.0,500
201700054309,17,11,27,1835,5,2,1,2.0,6.0,110,"96, BOULEVARD DE MAGENTA",M,4887760.0,235489.0,750
201700043142,17,6,5,1950,1,2,1,1.0,6.0,66,"123, WILSON (AVENUE DU P",M,4890877.0,236328.0,930
201700023202,17,6,20,1755,1,1,1,1.0,5.0,229,RN 1154,M,4845264.0,144666.0,280
201700024702,17,5,6,1500,1,2,3,1.0,3.0,555,"304, SEYSSES (RTE DE) DU",M,4357562.0,142092.0,310
201700040833,17,3,23,1035,1,2,1,2.0,6.0,51,CHARLES DE GAULLE (AVENU,,,,920
201700035730,17,3,16,1100,1,2,1,1.0,7.0,217,"25, FAUBOURG DE LA BARRE",M,4992272.0,107119.0,760
201700031619,17,5,15,810,1,2,1,1.0,5.0,178,"734, GARNIER (RUE BERTHE",M,5038655.0,307047.0,590
201700040311,17,3,4,2015,4,2,1,8.0,3.0,40,ROUGET DE L'ISLE,,,,920
201700008644,17,10,3,1140,1,2,2,1.0,3.0,4,"74, AV STALINGRAD*",M,4368789.0,463578.0,130
201700030753,17,1,6,1405,1,2,1,7.0,6.0,98,"0, GUILLEMOT (RUE  RAYMO",M,4776699.0,-333971.0,560
201700001478,17,4,17,1120,1,1,2,1.0,3.0,61,La Grande garenne,M,4573056.0,25209.0,160
201700023199,17,4,30,1130,1,1,3,1.0,3.0,85,"26, PERI (RUE GABRIEL)",M,4844452.0,148059.0,280
201700000055,17,4,22,1845,1,1,4,1.0,1.0,275,CD 90  - carrefour de l',M,5059063.0,322887.0,590
201700011501,17,5,26,2220,5,2,1,1.0,6.0,94,17 route d'hadigny,M,4831557.0,640326.0,880
201700010407,17,9,18,1500,1,2,2,2.0,7.0,55,"00, LODI (RUE DE)",M,4326161.0,538493.0,130
201700012348,17,6,22,715,1,2,6,1.0,1.0,140,rond Point d'Amberg,M,4860398.0,167258.0,280
201700032075,17,9,21,2140,3,2,2,1.0,3.0,599,"., VICTOIRE (PLACE DE LA",M,5071776.0,315925.0,590
201700052105,17,2,25,105,3,1,1,1.0,6.0,85,A50-Sens*Aubagne vers To,,,,130
201700044058,17,5,21,1210,1,2,3,1.0,3.0,19,BOIS (AV DU),,,,940
201700019139,17,4,27,1115,1,1,1,1.0,2.0,11,RD106 VOIE RAPIDE,M,4477502.0,-109630.0,330
201700034600,17,6,22,720,1,2,3,1.0,3.0,92,TARARE (route de),M,4598525.0,470263.0,690
201700012681,17,4,25,1145,1,2,1,1.0,7.0,47,LA FRAICHE,M,4409270.0,615113.0,40
201700053243,17,7,6,1100,1,2,5,1.0,3.0,105,"/, BOULEVARD SAINT MICHE",M,4885040.0,234267.0,750
201700023278,17,12,7,1620,2,1,1,2.0,1.0,27,D6,M,4902936.0,-64065.0,140
201700054592,17,12,20,1620,1,2,4,2.0,3.0,111,"12, BOULEVARD DES FILLES",M,4886140.0,236714.0,750
201700050714,17,3,28,1040,1,2,1,1.0,6.0,388,"170, ETATS UNIS (DES)",,,,690
201700047787,17,8,23,915,1,1,1,1.0,4.0,7,AUTOROUTE A1,M,,,930
201700045004,17,3,10,1715,1,2,4,1.0,1.0,41,"48, DENIS PAPIN (R)",,,,940
201700003157,17,4,22,100,5,2,1,1.0,6.0,67,9 rue Charles Diemer,M,4873251.0,771266.0,670
201700018665,17,7,9,730,2,1,1,1.0,3.0,379,cd954,M,4749631.0,409121.0,890
201700039404,17,12,23,320,5,2,3,2.0,6.0,7,"232, RAVERA (AVENUE HENR",M,4880800.0,231573.0,920
201700031115,17,11,15,1725,2,2,3,1.0,3.0,327,RD1113 / R. Mauriac,M,4465365.0,-36062.0,330
201700008866,17,1,9,2100,5,2,1,1.0,6.0,55,"25, SAINT BAZILE (RUE)",M,4329999.0,538363.0,130
201700023416,17,8,16,1955,1,1,1,1.0,3.0,175,Mac-mahon,M,4788912.0,-197542.0,350
201700041143,17,2,2,1825,2,2,1,2.0,6.0,72,"., MANUFACTURE NATIONALE",,,,920
201700025585,17,1,6,740,1,2,6,1.0,6.0,63,G.CLEMENCEAU/HUGUERIE,M,4484490.0,-57810.0,330
201700028299,17,2,1,1215,1,2,1,2.0,6.0,109,"43, RUE LITTRE",M,4721728.0,-158275.0,440
201700006753,17,8,26,800,1,1,1,1.0,6.0,188,Autoroute A13-pk 105.200,M,4929290.0,112280.0,270
201700058932,17,8,24,1900,3,1,1,1.0,6.0,306,PK188/RN1,G,,,973
201700036196,17,11,30,750,5,2,9,1.0,6.0,575,1RUE DES COQUELICOTS,M,4939137.0,110012.0,760
201700049366,17,7,19,1540,1,1,1,1.0,3.0,21,AUTOROUTE A6B,M,,,940
201700015444,17,1,16,1626,1,1,1,2.0,1.0,421,RN 134,M,4316675.0,-51870.0,640
201700004679,17,8,24,940,1,1,4,1.0,1.0,247,RD159,M,4159467.0,925851.0,201
201700058368,17,7,13,135,5,2,1,1.0,6.0,119,PORTE DE LA VILLETTE,M,4890020.0,239101.0,750
201700006965,17,11,27,1800,5,2,6,2.0,6.0,480,"SANS, TURENNE",M,4973272.0,475390.0,80
201700034444,17,2,9,1559,1,2,3,1.0,2.0,224,"4, SCHUMAN (AVENUE ROBER",M,4775049.0,733881.0,680
201700059787,17,9,15,1650,1,1,1,1.0,4.0,213,AUTOROUTE A1,A,1461815.0,6102956.0,972
201700053693,17,3,13,700,2,2,7,1.0,3.0,108,PLACE CLEMENCEAU,M,4886780.0,231384.0,750
201700024076,17,9,25,1735,1,2,1,1.0,4.0,7,JUIN (AVE DU MARECHAL),M,4412793.0,410667.0,300
201700046476,17,3,12,525,3,1,1,1.0,7.0,514,A104,M,4894636.0,262878.0,770
201700037963,17,10,3,1040,1,1,1,1.0,3.0,41,RN 147 BUXEROLLES,M,4661133.0,38909.0,860
201700032447,17,6,3,1610,1,1,1,1.0,1.0,6,"51, SEES (ROUTE DE)",M,4872337.0,-1048.0,610
201700013372,17,8,14,1840,1,1,1,1.0,6.0,394,,M,4542088.0,24267.0,160
201700026603,17,5,4,1830,1,2,6,1.0,6.0,281,"00, TEMPLE-DE-BLOSNE (RU",M,4808688.0,-170694.0,350
201700051807,17,5,29,1130,1,1,1,1.0,4.0,487,A7   22.950 A 25.770,M,4555829.0,482335.0,380
201700018802,17,7,29,1420,1,1,1,1.0,5.0,340,RN 70 PK 16+743,M,4657044.0,420153.0,710
201700022757,17,4,9,1200,1,2,2,7.0,2.0,390,Route de berck / Chemin,M,5039119.0,160503.0,620
201700020021,17,7,9,1230,1,1,1,1.0,6.0,435,D8 BISCHTROFF SUR SARRE,M,4890961.0,708373.0,670
201700018978,17,7,14,1205,1,1,2,1.0,3.0,149,"D35, LIEU DIT POLIGNAC",M,4386170.0,28425.0,320
201700010870,17,11,24,1650,1,2,1,1.0,5.0,55,"195, OLIVES (AVENUE DES",M,4332512.0,544200.0,130
201700057693,17,9,30,150,5,2,1,2.0,7.0,120,"41, AVENUE GAMBETTA",M,4886440.0,239345.0,750
201700042620,17,5,3,1710,1,2,3,2.0,3.0,49,"23, PUITS (RUE)",,,,930
201700042648,17,9,4,1655,1,2,1,1.0,3.0,50,"72, PAUL ET CAMILLE THOM",M,4886168.0,253359.0,930
201700050581,17,1,1,2155,5,2,1,1.0,3.0,387,"7, CLAUDE BERNARD",M,4575390.0,483854.0,690
201700026718,17,7,18,1658,1,2,1,1.0,2.0,238,"44, ALMA (DE L')",M,4810152.0,-167630.0,350
201700018392,17,1,30,730,5,2,2,2.0,3.0,214,avenue du maréchal DELAT,M,4876421.0,62388.0,610
201700058074,17,12,18,2314,5,2,1,1.0,6.0,109,"15, RUE AUBER",M,4887280.0,232867.0,750
201700049526,17,10,14,545,5,1,1,1.0,6.0,3,AUTOROUTE A6A,M,,,940
201700054814,17,7,12,1200,1,2,3,1.0,2.0,112,"120, RUE DE LYON",M,4885140.0,236986.0,750
201700057742,17,11,28,1759,5,2,7,8.0,7.0,120,"11, PLACE GAMBETTA",M,4886510.0,239830.0,750
201700048773,17,9,29,1953,2,1,1,3.0,4.0,490,RN12 INT,M,4880030.0,193550.0,780
201700010013,17,7,12,1600,1,2,1,1.0,3.0,55,"21, REPUBLIQUE (RUE DE L",M,4329808.0,537265.0,130
201700048166,17,12,3,1440,1,1,1,3.0,6.0,277,AUTOROUTE A104,M,4897350.0,248590.0,950
201700038227,17,10,8,2028,5,2,1,2.0,3.0,85,"0, MONNET (RUE JEAN)",M,4586030.0,128633.0,870
201700023790,17,10,11,1140,1,2,1,1.0,6.0,39,CREOLE ( RUE DE LA ),M,4787184.0,-390533.0,290
201700011077,17,12,30,2310,5,2,1,1.0,3.0,55,"3, CAMOINS (AVENUE DES)",M,4330727.0,550897.0,130
201700055450,17,4,19,940,1,2,1,1.0,4.0,114,BOULEVARD PERIPHERIQUE I,M,4882510.0,230340.0,750
201700018174,17,8,6,1000,1,1,1,1.0,2.0,311,Les Jubardières,M,4739161.0,-3064.0,490
201700019173,17,5,25,745,1,1,1,1.0,2.0,26,D11 PR 45+19 reel,M,4450959.0,-43771.0,330
201700038574,17,1,18,1305,1,2,1,1.0,2.0,114,VILLECRESNES (RUE),M,4870732.0,250135.0,910
201700045508,17,1,12,1750,5,2,3,2.0,6.0,78,ANATOLE FRANCE (AV),,,,940
201700017826,17,6,25,1709,1,1,1,1.0,3.0,122,route départementale D30,M,4489504.0,177441.0,460
201700040933,17,11,7,2140,5,2,1,1.0,2.0,63,"54, DOUMER (AVENUE PAUL)",M,4888252.0,218767.0,920
201700001176,17,4,13,800,1,2,2,1.0,3.0,51,R.Jaures/All.Louisianes,M,4464189.0,-96875.0,330
201700005107,17,6,12,350,3,2,2,1.0,3.0,243,37 R charles f. Dreyfus,M,4861270.0,216740.0,910
201700043670,17,7,6,1215,1,2,6,1.0,7.0,44,MONNET/DUNANT,M,4875684.0,248306.0,940
201700001555,17,2,9,2234,4,1,6,1.0,6.0,283,RD 132,M,4557299.0,-59392.0,170
201700014753,17,8,30,1700,1,2,1,1.0,3.0,90,Route de la fénerie,M,4358404.0,692518.0,60
201700048820,17,10,21,1620,1,1,1,1.0,1.0,64,A13,M,,,920
201700022282,17,3,16,2050,5,2,9,1.0,3.0,272,"29, Ventadour (Av)",M,4527189.0,177711.0,190
201700045104,17,10,17,1730,1,2,1,1.0,3.0,46,GALLIENI (BD),M,4879728.0,243273.0,940
201700004465,17,9,11,810,1,2,6,1.0,2.0,299,D64,M,4326949.0,328438.0,340
201700060675,17,10,5,740,1,1,1,1.0,2.0,611,m'tsapere-Nationale 2 (r,Y,1279145.0,4522192.0,976
201700022205,17,6,20,2220,5,2,6,1.0,3.0,31,"00, VEZERE (ROND POINT D",M,4514657.0,148268.0,190
201700053824,17,7,18,850,1,2,5,1.0,3.0,116,AVENUE RAYMOND POINCARE,M,4887270.0,228452.0,750
201700034060,17,4,9,2100,5,2,1,1.0,6.0,218,"0, VINCENT SCOTTO (RUE)",M,4853062.0,772259.0,670
201700026776,17,9,19,850,1,2,6,1.0,3.0,51,BLANCS (AVENUE DES CHAMP,M,4813635.0,-162398.0,350
201700048513,17,5,16,823,1,1,1,1.0,2.0,7,A13W,M,4890009.0,200519.0,780
201700038698,17,3,1,625,5,2,1,1.0,2.0,223,COQUERIVE (AVENUE,M,4843424.0,217034.0,910
201700037201,17,7,28,1530,1,2,1,1.0,2.0,118,"1351, ROUTE DE LA CORNIC",M,4341398.0,679877.0,830
201700059008,17,10,14,1520,1,2,6,1.0,6.0,422,Impasse des Pommiers,R,2121770.0,5555041.0,974
201700010425,17,9,20,1645,1,2,1,1.0,2.0,55,"136, ROMAIN ROLLAND (BOU",M,4327706.0,541193.0,130
201700004949,17,6,8,2245,2,1,1,1.0,6.0,590,rue de rambouillet,M,4868751.0,196914.0,780
201700033686,17,10,25,1108,1,2,1,1.0,6.0,136,"27, BRIAND BOULEVARD ARI",M,4269545.0,290240.0,660
201700057159,17,12,14,1225,1,2,1,8.0,6.0,118,"32, BOULEVARD BARBES",M,4888620.0,234951.0,750
201700045626,17,11,21,950,1,2,1,1.0,6.0,80,"11, JOFFRE (AV)",,,,940
201700021240,17,9,12,745,2,1,1,3.0,2.0,291,01 PK RN237 MOULIN JUSTI,M,4617614.0,-112549.0,170
201700039136,17,11,27,1830,5,2,2,2.0,3.0,589,"59, BOILEAU (RUE)",M,4868268.0,234063.0,910
201700007056,17,6,22,2245,3,2,9,1.0,3.0,27,34 rue Paul Bovier Lapie,M,4566879.0,475947.0,690
201700060593,17,4,25,1647,1,2,6,1.0,6.0,611,"1, passamanty-Vahib ( r",Y,1278001.0,4520881.0,976
201700035957,17,11,15,1830,5,1,3,1.0,3.0,351,100 RUE DU 329 EME,M,4950386.0,12572.0,760
201700029055,17,7,17,840,1,2,2,1.0,3.0,95,Dpartementale 12,M,4450954.0,138271.0,460
201700058536,17,11,12,35,5,2,1,2.0,6.0,120,ECHANGEUR BAGNOLET,M,4886560.0,241238.0,750
201700017968,17,4,19,1030,1,2,1,7.0,6.0,230,rue nationale,M,4583107.0,401429.0,420
201700059541,17,9,17,2055,5,2,2,1.0,6.0,101,"126, Frdric JALTON",A,1627627.0,6150146.0,971
201700015872,17,2,13,1840,5,2,1,1.0,1.0,85,hameau de bézuet,M,,,20
201700010446,17,9,22,730,1,2,1,1.0,6.0,55,"67, ROSIERS (TRAVERSE DE",M,4332139.0,538944.0,130
201700022884,17,7,20,819,1,2,1,1.0,2.0,281,PLACE JEAN JAURES,M,4504580.0,505500.0,260
201700041426,17,11,7,1020,1,2,1,1.0,3.0,1,"1, REPUBLIQUE (AVE DE LA",M,4891371.0,238246.0,930
201700010173,17,8,6,1400,1,2,1,1.0,2.0,55,"317, Corniche John Fitzg",M,4327464.0,536062.0,130
201700011479,17,12,11,742,5,2,1,3.0,1.0,118,LAENNEC (PLACE DOCTEUR),M,4919176.0,-34579.0,140
201700051003,17,8,29,1300,1,2,1,1.0,6.0,383,"14, ST VICTORIEN",M,4576143.0,486955.0,690
201700006949,17,7,20,955,1,1,1,1.0,6.0,565,sens Sud/Nord,M,4526811.0,562828.0,380
201700000445,17,8,22,1110,1,1,1,1.0,7.0,332,cd 6155,M,4919534.0,123101.0,270
201700021071,17,11,30,1755,5,2,1,2.0,6.0,299,"., PELLETAN AVENUE",M,4594312.0,-96073.0,170
201700003266,17,6,7,1630,1,2,6,1.0,3.0,298,31 rue Reber,M,4824873.0,718949.0,680
201700009662,17,5,19,1320,1,2,1,1.0,7.0,55,"84, LIBERATION (BOULEVAR",M,4330069.0,539030.0,130
201700042721,17,4,29,1655,1,2,6,1.0,6.0,51,PAVE NEUF (AVENUE),M,4883790.0,256175.0,930
201700028828,17,1,12,1752,2,2,1,1.0,3.0,75,NATIONALE (ROUTE),,,,450
201700023175,17,1,1,900,1,1,1,9.0,2.0,119,,M,4569670.0,136418.0,870
201700047889,17,9,20,1915,1,1,1,1.0,4.0,78,AUTOROUTE A104,M,,,930
201700015034,17,5,5,2250,5,2,1,1.0,6.0,337,la gaudinière,M,4830669.0,-6060.0,720
201700043772,17,2,14,940,1,2,1,2.0,2.0,48,UZELLES (AV DES),,,,940
201700020641,17,6,9,410,3,1,1,2.0,1.0,171,D944,M,4937135.0,392415.0,510
201700049111,17,3,17,2310,3,1,1,1.0,2.0,251,AUTOROUTE A5A,M,4863171.0,253609.0,770
201700046863,17,10,7,1300,1,1,1,1.0,3.0,46,A86 EXT,M,,,940
201700037148,17,7,7,1126,1,2,3,1.0,6.0,121,"nc, MILA (RUE)",M,4401046.0,136184.0,820
201700049125,17,3,28,1055,1,1,1,1.0,4.0,86,RN 104,M,4862356.0,237983.0,910
201700009355,17,4,1,1320,1,2,1,3.0,3.0,55,"13b, LA PUGETTE (BOULEVA",M,4326870.0,540148.0,130
201700043976,17,11,8,1808,2,2,2,1.0,1.0,18,CONFLANS (R DE),,,,940
201700029018,17,12,11,2244,5,2,1,9.0,6.0,234,"80 bis, FAUBOURG BANNIER",M,4791130.0,190039.0,450
201700005126,17,12,1,800,3,2,1,2.0,6.0,136,D117 route de VERSAILLES,M,4871131.0,226453.0,910
201700038338,17,7,14,1735,1,2,2,1.0,3.0,413,Rue du 31me BCP,M,4828422.0,695600.0,880
201700009445,17,4,14,2350,5,2,1,1.0,2.0,55,"141, BASSINS DE RADOUB (",M,4332529.0,535964.0,130
201700047164,17,2,8,815,1,1,1,1.0,2.0,28,RN 104,,,,950
201700025562,17,11,10,820,1,2,3,2.0,3.0,9,"., DUNES (ALL. DES)",M,4465617.0,-117811.0,330
201700009060,17,2,2,1500,1,2,2,1.0,3.0,55,"14, STANISLAS TORRENTS (",M,4328779.0,537823.0,130
201700019792,17,11,27,1802,3,1,1,1.0,5.0,85,RT 40,M,4189881.0,892805.0,201
201700018624,17,10,29,30,3,1,1,1.0,6.0,291,CD 63,M,4596381.0,345684.0,630
201700006936,17,8,11,752,1,1,1,2.0,7.0,179,autoroute A 43,M,4560411.0,586814.0,730
201700039845,17,3,22,1540,1,2,2,1.0,3.0,24,"64, VICTOR HUGO (BD)",,,,920
201700022430,17,4,12,855,1,2,6,1.0,6.0,187,"0, EUROPE (Rdp de l')",M,4853353.0,-275921.0,220
201700055715,17,3,3,2002,5,2,2,1.0,7.0,115,BOULEVARD GARIBALDI,M,4884570.0,230973.0,750
201700026002,17,3,10,1745,1,2,1,7.0,3.0,161,rd 6007 - face de la gar,M,4363068.0,713422.0,60
201700046636,17,6,1,930,1,1,1,1.0,6.0,18,A4,M,4881787.0,241523.0,940
201700008942,17,1,21,1535,1,1,1,1.0,2.0,55,JEAN PAUL SARTRE (AVENUE,M,4332428.0,542107.0,130
201700003009,17,12,31,1300,1,1,3,1.0,2.0,466,RD 904,M,4878784.0,585892.0,540
201700051225,17,12,8,1145,1,2,3,1.0,3.0,199,YVES FARGE,M,4569758.0,485805.0,690
201700001166,17,9,22,1720,1,1,1,1.0,7.0,436,Route du Barp,M,4454350.0,-68115.0,330
201700019082,17,5,4,1115,1,2,1,1.0,6.0,242,D146,M,4351912.0,210840.0,810
201700022520,17,6,8,1545,1,1,1,1.0,1.0,37,Route de Mussidan,M,4486808.0,45668.0,240
201700042926,17,6,14,1825,1,2,1,1.0,2.0,27,"143 bis, GRANDE RUE",,,,930
201700004022,17,4,23,1530,1,1,1,1.0,7.0,8,Lieu-dit Maupas,M,4353885.0,669276.0,830
201700018277,17,6,23,950,1,1,1,1.0,6.0,201,D603 PK48,M,4920956.0,558868.0,550
201700048620,17,7,4,927,1,1,1,1.0,4.0,362,A13,M,4898120.0,169394.0,780
201700027846,17,9,20,1820,1,2,1,1.0,5.0,18,,M,4758509.0,133751.0,410
201700031805,17,9,16,2310,5,2,1,1.0,6.0,350,"42, ANGLETERRE RUE D",M,5064000.0,305000.0,590
201700009581,17,4,6,1400,1,2,2,1.0,3.0,55,22 Rue Charras,M,4329023.0,535745.0,130
201700014487,17,3,10,1315,1,1,1,1.0,3.0,273,la gauterie,M,4929778.0,-148957.0,500
201700059323,17,3,30,1535,1,2,1,1.0,7.0,210,Quartier Usine,A,,,972
201700037454,17,5,6,1140,1,2,3,3.0,3.0,137,15EME CORPS (AVE DU),M,4312852.0,591482.0,830
201700026267,17,9,17,1155,1,1,1,1.0,3.0,198,ROUTE DE LATTES  D132,M,4355924.0,393634.0,340
201700041048,17,7,17,915,1,2,1,1.0,2.0,64,"21, CALVAIRE",M,4884719.0,221846.0,920
201700040237,17,10,12,1735,1,2,6,1.0,6.0,36,"0, PRINCIPALE DU PORT (R",M,4800000.0,220000.0,920
201700027511,17,9,9,2015,2,2,8,2.0,7.0,122,25 RUE DE CHANTEPIE,M,,,370
201700021520,17,4,8,1730,1,1,1,1.0,7.0,167,,M,4755819.0,59361.0,370
201700010011,17,7,12,1140,1,2,1,1.0,2.0,55,"4, SADI CARNOT (PLACE)",M,4329951.0,537181.0,130
201700023220,17,2,18,1533,1,1,1,1.0,7.0,231,RN7,M,4610780.0,396504.0,420
201700002248,17,9,9,2255,5,2,1,8.0,1.0,347,AV PRESIDENT ROOSVELT,M,,,260
201700046809,17,9,14,2220,3,1,1,1.0,6.0,51,A4,M,4883570.0,256700.0,930
201700043726,17,11,16,1950,5,2,4,1.0,2.0,4,"22, POMPADOUR (R DE LA)",,,,940
201700033952,17,9,5,1550,1,2,3,1.0,3.0,372,rue paul bert,M,4514047.0,52163.0,240
201700001487,17,3,7,1645,1,1,1,2.0,7.0,193,La Combe a Rivet,M,4573445.0,-39298.0,160
201700039458,17,3,24,1315,1,2,1,1.0,3.0,12,"164, VIEUX PONT DE SEVRE",,,,920
201700027240,17,6,9,1550,1,2,2,1.0,3.0,261,PONT DE FIL,M,4740210.0,69335.0,370
201700046375,17,1,10,915,1,1,1,1.0,2.0,69,A4,M,4881720.0,244334.0,940
201700001296,17,3,1,2120,3,1,1,1.0,7.0,457,Lieu Dit Mercier,M,4454148.0,-19947.0,330
201700019439,17,1,4,1410,1,2,1,2.0,2.0,630,rue porte boiteux,M,4977696.0,198061.0,800