Num_Acc,an,mois,jour,hrmn,lum,agg,int,atm,col,com,adr,gps,lat,long,dep
201700029960,17,4,4,725,1,2,3,1.0,1.0,454,RUES MAZARIN/RICHELIEU,M,4921598.0,402827.0,510
201700037968,17,10,9,1100,1,2,1,2.0,1.0,194,"6, PROVIDENCE (RUE DE LA",M,4656354.0,36724.0,860
201700007145,17,9,21,1645,1,1,1,1.0,7.0,24,A 63,M,4346130.0,-149464.0,640
201700005752,17,6,12,2025,2,2,1,1.0,6.0,30,"514, COLLINES (CHEMIN DE",M,4358274.0,702093.0,60
201700059611,17,3,31,706,1,1,1,1.0,3.0,209,BALATA (ROUTE DE),A,1462130.0,6107134.0,972
201700033525,17,7,3,1100,1,2,1,1.0,6.0,440,"23, LARREY (RUE)",M,4323060.0,7299.0,650
201700000903,17,6,14,1730,1,2,1,2.0,6.0,344,"1052, TREVOUX (AVENUE DE",M,4620026.0,519355.0,10
201700015133,17,9,25,1455,1,2,1,2.0,2.0,220,CORNUCHE (BOULEVARD),M,4936206.0,7352.0,140
201700008875,17,1,12,1935,5,2,3,1.0,3.0,55,"39, MONTREDON (AVENUE DE",M,4324414.0,537141.0,130
201700016936,17,4,21,1700,1,1,1,1.0,4.0,130,Lieudit  métairie neuve,M,4710194.0,-154871.0,440
201700055461,17,5,1,530,5,2,1,1.0,2.0,114,PORTE D ORLEANS,M,4881700.0,233597.0,750
201700026218,17,6,27,1645,1,2,1,1.0,3.0,172,LIBERTE (AVENUE DE LA,M,4360523.0,386494.0,340
201700029385,17,8,11,2217,5,2,1,1.0,7.0,353,"44, QUATORZE JUILLET",M,4744730.0,-50112.0,490
201700006758,17,2,3,745,2,1,1,1.0,2.0,541,autoroute A1 PK 053+200,M,4929293.0,269080.0,600
201700053690,17,3,9,1735,1,2,1,1.0,6.0,108,AVENUE FRANKLIN D ROOSEV,M,4886770.0,231017.0,750
201700056243,17,8,25,1615,1,2,7,2.0,3.0,116,AVENUE FOCH,M,4887370.0,229411.0,750
201700051793,17,5,13,520,3,1,1,1.0,3.0,297,A7   15.770 A 20.110,M,4560312.0,479743.0,690
201700003941,17,9,26,1450,1,1,1,1.0,6.0,134,RN 94 PR 125.600,M,4465136.0,658658.0,50
201700013507,17,2,12,2237,5,2,1,1.0,1.0,425,route nationale 77 - PK,M,4817230.0,401532.0,100
201700002211,17,10,7,1430,1,2,1,1.0,3.0,691,VERDUN (BD DE),M,4984478.0,327669.0,20
201700017316,17,7,14,1230,1,1,3,1.0,7.0,374,RD 417,M,4807029.0,725211.0,680
201700000709,17,3,28,830,1,2,1,1.0,6.0,176,2 rue de la gare,M,4767543.0,-295786.0,560
201700048667,17,7,26,745,1,1,1,1.0,6.0,133,A13,M,,,780
201700019967,17,8,26,545,3,2,1,1.0,6.0,222,586 route du cat rouge,M,4949220.0,85156.0,760
201700011987,17,5,7,30,3,1,2,2.0,3.0,574,DIVES (D.45 route de),,,,140
201700059321,17,2,22,2008,5,2,1,1.0,1.0,232,rue du Général DE GAULLE,A,,,972
201700019314,17,11,18,650,3,1,1,5.0,3.0,87,D927-,M,4409563.0,126052.0,820
201700043347,17,2,12,2020,5,2,1,1.0,6.0,70,VICTOR-HUGO (BD),,,,930
201700035567,17,7,10,1950,1,2,3,3.0,3.0,93,RUE DU JOURDIL,M,4590783.0,609923.0,740
201700037941,17,8,31,1600,1,2,2,1.0,3.0,194,ROCADE EST (RD 162),M,4656729.0,36586.0,860
201700035089,17,8,11,2205,5,2,1,8.0,6.0,53,"route de la moncelle, ch",M,4968146.0,498549.0,80
201700009819,17,5,13,700,1,2,3,1.0,6.0,55,48 Rue d'Endoume,M,4328894.0,536645.0,130
201700005170,17,10,18,810,1,1,1,1.0,1.0,241,RUE ALBERT GALLE,M,4905080.0,244540.0,950
201700016265,17,9,17,225,5,2,1,1.0,6.0,399,Route de toulouse,M,4334990.0,126927.0,310
201700015807,17,7,16,1550,1,1,1,1.0,1.0,85,D4 - la briquette,M,4397331.0,523924.0,840
201700045563,17,6,6,550,1,2,2,3.0,3.0,78,PARIS/SEMARD,M,4872896.0,244711.0,940
201700048500,17,5,10,840,1,1,1,1.0,6.0,490,RN12 EXT,M,4879988.0,196878.0,780
201700033285,17,10,5,2255,5,2,1,1.0,1.0,269,102 AVENUE DU BEARN,M,4330375.0,-31556.0,640
201700028097,17,3,15,1130,1,2,1,1.0,6.0,218,SORBIERS (DE),M,4543979.0,439717.0,420
201700008518,17,3,20,820,1,1,1,8.0,7.0,538,D710,M,4481437.0,99597.0,240
201700035664,17,10,15,2010,5,2,1,1.0,6.0,12,"16, AVENUE PASTEUR",M,4619228.0,623983.0,740
201700057431,17,10,26,1,5,2,4,1.0,2.0,119,ECHANGEUR PANTIN,M,4889270.0,239550.0,750
201700030929,17,10,6,1827,1,2,3,1.0,3.0,121,"0, BOLLARDIERE (RUE  GEN",M,4775617.0,-339118.0,560
201700036960,17,3,8,1630,1,2,2,1.0,3.0,21,PORT D'AMONT,M,4989466.0,230922.0,800
201700056228,17,8,3,830,1,2,2,2.0,1.0,116,"32, AVENUE MOZART",M,4885730.0,227299.0,750
201700052460,17,8,22,2250,3,1,1,1.0,6.0,106,A517 D- Liaison A51 vers,M,4340163.0,535509.0,130
201700040555,17,8,8,2115,2,2,1,1.0,6.0,49,"159, BROSSOLETTE AVENUE",M,4881516.0,230431.0,920
201700020091,17,6,1,1901,1,1,1,1.0,5.0,137,lieu dit LE PLOT,M,4600576.0,619186.0,740
201700051252,17,12,19,1525,1,2,1,1.0,6.0,386,"25, VITTON",M,4576900.0,485290.0,690
201700046529,17,4,8,1645,1,1,1,1.0,4.0,22,A 86 EXT,M,4877340.0,240318.0,940
201700025908,17,10,13,1255,1,2,1,1.0,4.0,63,3VL>R.L.FAURE,M,4485950.0,-55293.0,330
201700041867,17,4,19,1220,1,2,1,1.0,7.0,14,"22, PIERRE SIMON (ALLEE)",,,,930
201700034558,17,1,18,950,1,2,1,1.0,3.0,91,"3, JEAN LIGONNET ( R )",M,4559055.0,477057.0,690
201700004108,17,6,8,2235,5,2,1,1.0,6.0,115,63 avenue G. Clémenceau,M,4331130.0,663674.0,830
201700028216,17,4,12,1830,1,2,1,1.0,6.0,55,"33, OCEAN ( BOULEVARD DE",M,4727861.0,-237228.0,440
201700000891,17,3,26,145,5,2,7,1.0,6.0,53,"15, BERNARD ( PLACE)",M,4620693.0,522788.0,10
201700027798,17,3,12,1550,1,2,1,1.0,2.0,47,DEBRE (ROBERT),M,4761582.0,134165.0,410
201700023578,17,12,18,1325,1,2,2,1.0,3.0,19,EUROPE (DE 201 A 215),M,4841610.0,-446800.0,290
201700035565,17,7,11,1850,1,2,2,1.0,6.0,10,SOMMEILLER,M,4590302.0,612942.0,740
201700034781,17,7,14,1530,1,2,8,1.0,3.0,256,"32, FRANKLIN ROOSEVELT",M,4576483.0,493687.0,690
201700053214,17,5,5,800,1,2,7,1.0,3.0,105,"1, QUAI SAINT MICHEL",M,4885310.0,234680.0,750
201700004977,17,9,18,2015,5,2,3,2.0,1.0,62,rue de la République,M,4885272.0,187673.0,780
201700013357,17,10,13,30,3,1,1,1.0,6.0,204,Lieu dit le vialette,M,4502137.0,438470.0,70
201700026946,17,1,2,1807,2,1,3,8.0,3.0,63,RD956/ALLEE DE GLYCINE,M,4685490.0,166821.0,360
201700000730,17,8,8,1810,1,1,3,1.0,3.0,152,route de bordeneo,M,4735592.0,-316858.0,560
201700043192,17,8,11,1120,1,2,1,1.0,2.0,39,"8, MECHIN",,,,930
201700012709,17,11,16,1640,2,1,1,1.0,3.0,230,,M,4382860.0,594439.0,40
201700055009,17,1,7,1350,1,2,5,2.0,3.0,113,AVENUE D IVRY,M,4882160.0,236923.0,750
201700034614,17,7,26,1200,1,2,7,1.0,7.0,264,BURDEAU BD,M,4599653.0,472757.0,690
201700046910,17,10,26,1900,2,1,1,8.0,3.0,73,A86 EXT,M,4877329.0,240052.0,940
201700032293,17,7,10,1535,1,2,2,1.0,6.0,57,VIGNES (RUE DES),M,4943367.0,210278.0,600
201700000274,17,11,9,1950,3,1,1,2.0,7.0,330,CD 46,M,4929724.0,217365.0,600
201700047740,17,8,9,1020,1,1,1,1.0,5.0,18,AUTOROUTE A15,M,4895090.0,227980.0,950
201700025611,17,1,20,2210,5,1,4,1.0,3.0,13,RN89/RN230 (S26),M,4486850.0,-50292.0,330
201700011007,17,12,17,220,5,2,2,1.0,3.0,55,"52, PARADIS (RUE)",M,4329220.0,537728.0,130
201700029691,17,5,26,2025,1,2,1,1.0,7.0,173,MER (Bld de la ),M,4966119.0,166778.0,500
201700058035,17,11,8,1905,5,2,4,1.0,6.0,114,"235, BOULEVARD RASPAIL",M,4883940.0,233053.0,750
201700044001,17,5,23,1340,1,2,1,1.0,6.0,69,"57, VAL D OSNE (R DU)",,,,940
201700036563,17,1,19,2150,5,2,2,1.0,3.0,498,DEVAUX BD,M,4855500.0,223456.0,780
201700019834,17,2,12,1205,1,1,2,1.0,3.0,301,,M,4622617.0,-5175.0,790
201700031862,17,11,18,1400,1,2,1,1.0,3.0,328,"139, LILLE RUE DE",M,5065000.0,303000.0,590
201700028699,17,1,6,1315,1,2,3,1.0,1.0,302,ROUTE NATIONALE 20,M,4795184.0,189150.0,450
201700027064,17,1,25,1850,5,2,1,1.0,7.0,233,"19, GRANDS MORTIERS (RUE",M,4738167.0,72392.0,370
201700007402,17,6,29,1540,1,1,1,1.0,7.0,123,pk 184 chaussée sud,M,4370554.0,717464.0,60
201700037062,17,11,6,1615,1,2,2,1.0,6.0,21,R DU CAMPUS,M,4987721.0,226980.0,800
201700053663,17,2,10,2100,5,2,3,1.0,3.0,108,"07, BOULEVARD MALESHERBE",M,4887060.0,232286.0,750
201700028801,17,3,11,1920,1,1,1,1.0,7.0,232,BOURGES (RUE DE),M,4784409.0,192130.0,450
201700029171,17,1,30,1151,1,1,1,2.0,6.0,267,Route PLESSIS GRAMMOIRE,M,4748748.0,-47125.0,490
201700051983,17,8,18,1420,1,1,1,1.0,4.0,55,A50,,,,130
201700039456,17,3,23,1120,1,2,1,2.0,6.0,12,"14, REPUBLIQUE (BOULEVAR",,,,920
201700021394,17,8,10,1202,1,2,1,1.0,6.0,333,"3, CARNOT",M,4560357.0,-99678.0,170
201700031516,17,6,22,1125,1,1,2,1.0,3.0,317,ROUTE DEPARTEMENTALE 945,M,5068819.0,292016.0,590
201700032791,17,2,23,1110,1,2,1,6.0,6.0,83,"26, ROGER SALENGRO (PLAC",M,5045960.0,261464.0,620
201700020724,17,7,13,2140,3,1,1,3.0,6.0,272,route de Belle Image - R,M,4870838.0,213140.0,910
201700042109,17,9,28,949,1,2,3,2.0,3.0,29,HENRI BARBUSSE (AVE) N°2,M,,,930
201700003525,17,3,14,1740,1,2,1,1.0,6.0,491,D982,M,4641028.0,403486.0,710
201700053656,17,2,3,2115,5,2,7,2.0,3.0,108,"/, PLACE DE LA CONCORDE",M,4886660.0,232190.0,750
201700043777,17,2,25,1205,1,2,3,1.0,3.0,75,TASSIGNY/CAVAILLES,M,4873130.0,252392.0,940
201700045763,17,12,14,955,1,2,1,9.0,6.0,81,"114, CHOISY (R DE)",M,4878000.0,240000.0,940
201700055583,17,10,13,220,5,2,4,1.0,6.0,114,"77, AVENUE DU MAINE",M,4883850.0,232261.0,750
201700006943,17,2,14,2330,3,1,1,1.0,3.0,382,A 48,M,4522729.0,566802.0,380
201700056066,17,3,25,1550,1,2,5,1.0,3.0,116,"70, AVENUE PAUL DOUMER",M,4885970.0,227911.0,750
201700056428,17,12,21,1240,1,2,1,1.0,2.0,116,"83, BOULEVARD SUCHET",M,4885050.0,226022.0,750
201700043825,17,1,18,1945,5,2,1,1.0,3.0,17,"84, ROGER SALENGRO (AV)",,,,940
201700051640,17,10,17,1610,1,1,1,1.0,4.0,328,Autoroute A 330,M,4862477.0,618347.0,540
201700014478,17,9,23,1800,1,1,3,1.0,6.0,231,route de bréhal,M,4897031.0,-153644.0,500
201700050703,17,3,21,1150,1,2,3,1.0,6.0,383,"29, PIERRE BONNAUD",,,,690
201700048974,17,1,8,1117,1,1,1,2.0,7.0,521,RN 449,M,4863612.0,241534.0,910
201700003883,17,9,25,1450,1,1,1,1.0,3.0,193,,M,4448010.0,675843.0,40
201700051042,17,9,21,1700,1,2,1,1.0,6.0,259,"20, MAURICE THOREZ",M,4569978.0,486299.0,690
201700051846,17,7,28,1200,1,1,1,1.0,4.0,290,A43   3.865 A 9.894,M,4569388.0,498361.0,690
201700005982,17,12,17,1345,1,2,1,1.0,6.0,69,"39, BAUDOIN (AVENUE YVES",M,4365663.0,691652.0,60
201700052474,17,8,29,530,3,1,1,1.0,2.0,117,A7-Sens Lyon vers Marsei,M,4343943.0,524958.0,130
201700029914,17,1,24,1300,1,2,2,1.0,3.0,454,EPERNAY/EISENHOWER,M,4924084.0,401349.0,510
201700042383,17,4,16,2100,5,2,1,1.0,2.0,27,"0, LUCIE AUBRAC ALLEE",,,,930
201700006426,17,11,22,1300,1,2,1,1.0,3.0,88,"0000, GRENOBLE (ROUTE DE",M,4367082.0,720966.0,60
201700013299,17,9,8,200,3,2,1,1.0,6.0,126,Lieu dit Tabias,M,4441941.0,441232.0,70
201700002894,17,7,3,1130,1,2,1,1.0,6.0,433,Grand'rue,M,4920567.0,616107.0,570
201700004544,17,10,16,840,1,1,1,1.0,7.0,128,Départementale 14,M,4371752.0,436172.0,300
201700049189,17,4,28,2145,3,1,1,1.0,7.0,19,RN 385 Extèrieure,M,,,920
201700006693,17,5,14,845,1,1,1,1.0,6.0,66,A7 PK 200+500 sens Sud N,M,,,130
201700041573,17,12,12,1950,5,2,1,1.0,6.0,5,"9, DOCTEUR LAENNEC (ALLE",M,4895260.0,251599.0,930
201700022925,17,3,2,2000,4,2,1,1.0,3.0,362,ROUTE DE ROMANS,M,4494234.0,491857.0,260
201700009020,17,2,2,2210,5,2,1,2.0,2.0,55,"231, MENDES FRANCE",M,4324994.0,537536.0,130
201700026183,17,5,20,1810,1,2,1,1.0,6.0,172,"., BOUISSON-BERTRAND (AV",M,4361637.0,387451.0,340
201700028336,17,3,16,1340,1,2,1,1.0,6.0,114,ROUTE DE VANNES,M,4724966.0,-161544.0,440
201700051828,17,7,13,645,2,1,1,1.0,5.0,27,A450   5.100 A 7.285,M,,,690
201700050325,17,10,21,945,1,2,3,1.0,6.0,389,"59, SERGENT MICHEL BERTH",M,4576588.0,480542.0,690
201700057281,17,5,2,2010,1,2,1,1.0,3.0,119,"221-223, AVENUE JEAN JAU",M,4888920.0,239387.0,750
201700036719,17,6,6,1600,1,2,1,1.0,6.0,165,VIGNES (CHEMIN DES),M,4882589.0,198724.0,780
201700003462,17,6,17,1130,1,1,1,1.0,6.0,169,D109B,M,4715716.0,485429.0,210
201700059780,17,8,23,2030,4,1,1,1.0,3.0,213,ROUTE DEPARTEMENTALE 15,A,1463781.0,6100971.0,972
201700039609,17,6,24,1050,1,2,2,1.0,3.0,19,FAYO VINCENT (RUE),,,,920
201700010818,17,11,16,800,1,2,1,1.0,2.0,55,"88, JULES CANTINI (AVENU",M,4328219.0,539053.0,130
201700039813,17,9,5,1400,1,2,2,1.0,6.0,24,"50, GENERAL LECLERC (BD",M,4890254.0,231388.0,920
201700031790,17,5,15,830,1,2,4,1.0,6.0,350,HUGO VICTOR  BVD NøIMPAI,M,5062273.0,306000.0,590
201700011454,17,4,7,143,3,2,1,1.0,6.0,327,D515 ROUTE DE OUISTREHAM,M,4920090.0,-32554.0,140
201700040180,17,2,3,1540,1,2,3,2.0,6.0,36,"171, GABRIEL PERI (AVENU",,,,920
201700057758,17,12,16,607,5,2,7,2.0,6.0,120,"7, PLACE GAMBETTA",M,4886490.0,239810.0,750
201700058675,17,12,29,1115,1,1,1,1.0,6.0,121,RN2 - BAILLARGENT - sect,A,1625716.0,6179073.0,971
201700044623,17,8,22,1540,1,2,1,1.0,5.0,76,"112, MAXIME GORKI (BD)",M,4879245.0,236935.0,940
201700049966,17,2,28,1139,1,2,1,1.0,6.0,384,"12, CUIRE (DE)",,,,690
201700012124,17,11,5,1510,1,1,1,1.0,5.0,116,RN 147,M,4612860.0,103218.0,870
201700030310,17,1,26,1910,5,1,1,1.0,1.0,197,RD 73,,,,540
201700007340,17,9,1,1600,1,2,1,1.0,3.0,261,59 avenue Maréchal Foch,M,4297926.0,112705.0,90
201700052159,17,3,19,1625,1,1,1,1.0,2.0,55,A50-Sens*Marseille vers,,,,130
201700049831,17,8,18,1757,1,2,3,1.0,3.0,33,Montesoro Provence Logis,M,4267365.0,943438.0,202
201700037581,17,12,28,1830,5,2,1,1.0,2.0,137,AVE AMIRAL COLLET,M,4312860.0,592227.0,830
201700012429,17,9,8,1910,2,1,1,2.0,7.0,508,RD 21,M,4883790.0,68880.0,270
201700000432,17,8,25,1000,1,1,2,1.0,3.0,337,RD 11,M,4929213.0,133665.0,270
201700034735,17,5,30,1840,1,2,2,1.0,3.0,282,"., VERDUN (DE)",M,4577000.0,499000.0,690
201700032332,17,1,5,1355,1,1,4,1.0,3.0,382,D 202,M,4944310.0,279494.0,600
201700028620,17,4,2,1215,1,2,1,1.0,6.0,208,"1032, VIROY (RUE DE)",,,,450
201700047476,17,5,19,1430,1,1,1,1.0,3.0,36,AUTOROUTE A86,M,,,920
201700020778,17,9,9,1820,1,2,3,1.0,3.0,523,intersection D603 et rue,M,4911601.0,630329.0,570
201700024840,17,7,31,1945,1,1,1,1.0,4.0,555,VA007331 A620,M,4357946.0,140607.0,310
201700029155,17,1,19,815,2,2,2,1.0,6.0,7,"0, RECOUVREUR",M,4745242.0,-55891.0,490
201700039157,17,11,19,1815,5,2,3,1.0,3.0,2,GENERAL DE GAULLE (AVENU,M,4876280.0,230412.0,920
201700028996,17,11,21,901,1,2,6,8.0,3.0,234,RECHERCHE SCIENTIFIQUE (,M,4783952.0,194290.0,450
201700008908,17,1,3,1835,1,2,1,1.0,4.0,55,"75, CORNICHE KENNEDY",M,4328932.0,535481.0,130
201700053172,17,2,16,1730,2,2,1,1.0,6.0,105,"10, PLACE DU PANTHEON",M,4884680.0,234578.0,750
201700044466,17,12,26,1610,5,2,1,2.0,3.0,28,"1, GAULLE(AVENUE DU GENE",M,4878089.0,245690.0,940
201700039571,17,11,12,130,5,2,2,3.0,6.0,12,REPUBLIQUE (BOULEVARD DE,M,4883107.0,225724.0,920
201700020276,17,12,1,735,5,2,1,1.0,6.0,52,boulevard ST GUERIN,M,4751565.0,-260559.0,560
201700040783,17,7,6,2000,1,2,2,1.0,3.0,51,"3, PAUL DEROULEDE (RUE)",M,4887917.0,227482.0,920
201700028753,17,5,8,745,1,2,1,1.0,3.0,234,SECRETAIN (AVENUE ROGER),M,4787174.0,191246.0,450
201700053673,17,2,24,1200,1,2,2,1.0,6.0,108,"35, AVENUE DES CHAMPS EL",M,4887010.0,230662.0,750
201700029708,17,7,16,1320,1,2,3,1.0,7.0,173,"206, PAIX (RUE DE LA)",M,4965501.0,-165607.0,500
201700022654,17,10,25,1715,1,2,1,1.0,3.0,388,FOCH (AVENUE DU MARECHAL,M,4751558.0,679553.0,250
201700010902,17,11,28,1900,5,2,1,1.0,7.0,55,PARADIS (RUE),M,4327508.0,538453.0,130
201700010308,17,9,3,600,5,2,1,1.0,1.0,55,"489, LYON (RUE DE)",M,4334078.0,536087.0,130
201700022903,17,10,31,1810,2,2,6,1.0,3.0,281,PLACE JACQUEMART,M,4504443.0,504826.0,260
201700005056,17,4,4,1850,1,2,4,1.0,7.0,47,D831 -23 route de corbei,M,4848716.0,235231.0,910
201700055995,17,2,10,32,5,2,7,1.0,3.0,116,"8, PLACE D IENA",M,4886490.0,229358.0,750
201700023344,17,3,30,50,3,1,1,1.0,7.0,231,RN137 PK23+500,M,4790743.0,-168388.0,350
201700030892,17,8,10,1325,1,2,6,1.0,3.0,121,"91, MONISTROL (RUE)",M,4773352.0,-338526.0,560
201700050316,17,10,16,830,1,2,2,1.0,3.0,149,FRANCISQUE JOMARD,M,4571690.0,479513.0,690
201700031413,17,5,21,1755,1,2,1,1.0,7.0,194,COLBERT,M,4699351.0,315954.0,580
201700051771,17,3,29,400,3,1,1,1.0,5.0,297,A7   15.770 A 20.110,M,4561314.0,480851.0,690
201700006197,17,5,6,1020,1,2,9,1.0,3.0,88,"48, REPUBLIQUE (AV. DE L",M,4370241.0,728108.0,60
201700011668,17,1,26,1215,1,1,4,1.0,1.0,170,C4,M,4768925.0,535267.0,520
201700003496,17,12,7,1900,3,1,1,1.0,1.0,526,RD 31 - La Grange du Boi,M,4628854.0,470405.0,710
201700052836,17,10,2,1700,1,2,7,8.0,6.0,101,"237, RUE SAINT HONORE",M,4886660.0,232856.0,750
201700051164,17,10,27,1735,1,2,2,1.0,3.0,387,"37, UNIVERSITE (DE L')",M,4575030.0,484023.0,690
201700035923,17,9,9,1235,1,2,2,1.0,3.0,351,339 AV  DU BOIS AU COQ,M,4951571.0,12056.0,760
201700011496,17,11,26,1730,5,2,1,2.0,4.0,225,"60, GAULLE (RUE DU GAL)",M,4928526.0,-10467.0,140
201700026392,17,10,25,1203,1,2,1,1.0,2.0,150,"62, BLICHE (BOULEVARD DE",M,4835320.0,-122120.0,350
201700026374,17,1,17,1020,1,2,1,1.0,6.0,115,"16, MALARD (RUE CHARLES)",M,4835221.0,-119692.0,350
201700029648,17,2,12,1445,1,2,1,1.0,1.0,173,"15, GOTHS (RUE DES)",M,4965261.0,-166395.0,500
201700019141,17,9,13,930,1,2,2,2.0,3.0,236,AlTourterelles/Al grives,M,4463994.0,-125242.0,330
201700020776,17,7,5,1600,1,1,1,1.0,3.0,612,Rue principale,M,4921357.0,636201.0,570
201700038282,17,11,27,716,5,2,1,1.0,6.0,85,"271, DUTREIX (RUE ARMAND",M,4583420.0,122788.0,870
201700059568,17,12,5,1310,1,2,1,1.0,7.0,101,"4, HIBISCUS",A,1625083.0,6152786.0,971
201700028551,17,6,12,1940,1,2,1,1.0,2.0,184,RD 213,M,4729075.0,-223457.0,440
201700051114,17,10,20,1430,1,2,1,1.0,3.0,387,UNIVERSITE (DE L'),M,4574922.0,418184.0,690
201700013749,17,3,26,720,2,2,1,1.0,6.0,38,30 avenue de St Amand,M,4676599.0,243469.0,180
201700051488,17,11,10,610,3,1,1,1.0,6.0,23,AUTOROUTE A 62,M,4469784.0,-49934.0,330
201700029367,17,7,22,1130,1,2,3,1.0,3.0,7,"0, COUBERTIN BOULEVARD",M,4746064.0,-53263.0,490
201700048913,17,11,30,1850,3,1,1,1.0,6.0,640,A86 EXT,M,4878027.0,218944.0,780